idProducto,nombre,marca,categoria,descripcion,precioEntrada,precioVenta,stock
Prod-01,Auriculares Inalámbricos Pro,Sony,Audio,Auriculares de diadema con cancelación de ruido activa y Bluetooth 5.2,299.99,389.99,5
Prod-02,Smartphone Apex X1,Samsung,Celulares,"Pantalla AMOLED de 6.5 pulgadas, 128GB de almacenamiento y cámara triple",799.00,1038.70,1
Prod-03,Laptop UltraBook,Lenovo,Computación,"Procesador de alto rendimiento, 16GB RAM y diseño ultradelgado",1299.00,1688.70,3
Prod-04,Parlante Bluetooth BassGo,JBL,Audio,"Resistente al agua IPX7, 12 horas de reproducción continua y sonido envolvente",129.00,167.70,18
Prod-05,Disco Duro Externo 1TB SSD,Kingston,Almacenamiento,Unidad de estado sólido portátil USB-C de alta velocidad y 1TB,99.99,129.99,15
Prod-06,Barra de Sonido Dolby,Sony,Audio,Sistema de sonido envolvente con subwoofer inalámbrico y conectividad HDMI ARC,399.99,519.99,7
Prod-07,Smartphone Nova 11,Huawei,Celulares,"Diseño elegante, pantalla OLED de alta tasa de refresco y carga rápida",649.00,843.70,10
Prod-08,Laptop ZenBook 15,Asus,Computación,"Pantalla NanoEdge de 15.6 pulgadas, procesador potente y gran autonomía",1499.00,1948.70,2
Prod-09,Smartwatch Watch GT 3,Huawei,Wearables,"Monitoreo avanzado de salud, GPS integrado y batería de larga duración",199.99,259.99,22
Prod-10,Monitor 24 Full HD,Dell,Monitores,Panel IPS con resolución Full HD y tecnología antirreflejo,179.99,233.99,10
Prod-11,Audífonos Gamer Kraken,Razer,Audio,"Sonido envolvente 7.1, almohadillas cómodas y micrófono retráctil",89.99,116.99,22
Prod-12,Cámara Mirrorless Alpha,Sony,Fotografía,"Sensor de alta resolución, enfoque automático rápido y diseño compacto",899.99,1169.99,10
Prod-13,Impresora Multifuncional EcoTank,Epson,Impresión,Sistema de tanque de tinta de alta capacidad y bajo costo por impresión,299.99,389.99,6
Prod-14,Router Wi-Fi 6 Mesh,TP-Link,Redes,Cobertura total para todo el hogar con tecnología Wi-Fi 6 de alta velocidad,159.99,207.99,16
Prod-15,Tarjeta Gráfica RTX 4060,Nvidia,Componentes,Arquitectura avanzada para gaming en 1080p y trazado de rayos,429.99,558.99,8
